#"Step","Time (ps)","Potential Energy (kJ/mole)","Kinetic Energy (kJ/mole)","Total Energy (kJ/mole)","Temperature (K)","Box Volume (nm^3)","Density (g/mL)","Speed (ns/day)"
25000,50.00000000001514,-1636806.7980057131,303550.65785312426,-1333256.140152589,301.2596441430518,1189.2072098810843,1.0176790116153591,0
50000,99.99999999994834,-1639230.168326147,301717.6152719588,-1337512.5530541881,299.4404362401384,1187.0263859740646,1.019548707811187,49.7
75000,149.99999999998812,-1635791.5489649195,303442.1553455414,-1332349.393619378,301.15196054567724,1188.9166205734473,1.0179277478465334,49.1
100000,200.00000000022686,-1637993.165324213,302597.5009004805,-1335395.6644237326,300.3136810329837,1189.572401172364,1.0173665905201876,49
125000,250.0000000004656,-1634899.7364428565,302939.3379887513,-1331960.3984541052,300.6529381451103,1190.4225729394893,1.0166400112602354,49.1
150000,300.00000000070435,-1635795.4804905895,302671.97071555705,-1333123.5097750325,300.3875887956881,1188.907414830817,1.017935629688926,49.2
